Filename,Title,Keywords,Category
75835175-1ffb-4f54-bf44-5131e13ecd1f.jpg,Octopus Salad,"light meal,sophisticated,mixed greens,fresh ingredients,octopus,nutritious,elegant,lemon vinaigrette,gourmet,seafood lovers,easy recipe,healthy,colorful,seafood,quick meal,salad,cherry tomatoes,summer food",12
3457c773-4fa6-4569-94fa-830efc330ce3.jpg,Sushi Platter with Assorted Nigiri and Sashimi,"delicate flavors,salmon,Japanese cuisine,fine dining,nigiri,sashimi,sushi night,tuna,raw fish,fresh seafood,wasabi,culinary art,elegant presentation,yellowtail,shrimp,sushi lovers,soy sauce,authentic experience,sushi platter,food styling",12
407302c9-b6b9-4053-b8b2-8598a2b9b9f1.jpg,Decorative Throw Blanket,"beautiful pattern,seasonal decor,soft texture,warmth,throw blanket,cozy decor,interior styling,comfort,home accents",12
d7a4fa9e-c0d0-4447-85c4-ec6afe122f3d.jpg,Salted Caramel Pecan Pie,"classic recipe,dessert lovers,salted caramel,sweet and salty,pecan pie,sweet treat,dessert,culinary delight,comfort food,family recipe,holiday favorite,baking,elegant presentation,indulgent,decadent,homemade,special occasion",12
c1a8ab94-38f1-4c12-9f4a-317afd8d00df.jpg,Decadent Red Velvet Cupcakes with Cream Cheese Frosting,"moist,elegant presentation,sweets,cream cheese frosting,celebration,decorative,baking,dessert,frosting,classic flavors,cake lovers,party food,red velvet,cupcakes,sweet treats,indulgent,colorful,homemade",12
833f71a2-1fb3-44db-b0a5-e844011d10fe.jpg,Mango Sorbet,"frozen treat,culinary delight,easy recipe,sorbet,refreshing,dairy-free,light,exotic flavors,delicious,mango sorbet,dessert,sweet treat,tropical,summer dessert,homemade,fruit-based,vegan",12
ae84b201-2600-4437-9243-bf79deca3a98.jpg,Salted Caramel Pecan Pie,"pecan pie,indulgent,homemade,dessert lovers,sweet treat,sweet and salty,salted caramel,decadent,classic recipe,family recipe,comfort food,baking,holiday favorite,dessert,elegant presentation,special occasion,culinary delight",12
c629e608-e235-4765-805f-ec8979b40164.jpg,Stylish Wall Clock,"timepiece,interior design,statement piece,wall clock,minimalist decor,home decor,modern design,timeless style,functional art",12
943a61d8-54e1-4e38-8a1e-28e62ad47bac.jpg,Squid Salad,"fresh ingredients,appetizer,simple,salad,tangy vinaigrette,healthy,bell peppers,easy recipe,nutritious,gourmet,seafood lovers,colorful,seafood,light meal,olives,squid,quick meal,refreshing",12
b935d4c0-3ca5-48c6-988a-51f8b7f66a15.jpg,Tender Lamb Chops with Rosemary and Mint,"fine dining,comforting meal,grilled meat,mint garnish,lamb chops,elegant dinner,garlic mashed potatoes,rosemary,special occasion,gourmet dining,succulent lamb,seasoned meat,home cooking,unique flavors,culinary art,rich flavors,grilling,meat lovers",12
b23a5fb6-2c47-48d6-9a6f-b580e9440a0a.jpg,Easter Sunday Service with Colorful Lilies,"joyful worship,holiday traditions,Easter blessings,faith and joy,colorful lilies,uplifting spirit,community gathering,seasonal beauty,Easter service,festive decor,togetherness,peaceful atmosphere,serene environment,spiritual celebration,celebration of life",12
85efbcd5-fafe-465a-a8cf-b40bd9241bd0.jpg,Warm Apple Crisp with Cinnamon and Oats,"nostalgic,warm dessert,homemade,cinnamon,apple crisp,comfort food,baking,dessert,ice cream,oats,easy recipe,fruit dessert,satisfying,classic,sweet and tart,fall favorite,family recipe,cozy",12
448a80b1-c40d-4eb8-89f0-04291fe7cff0.jpg,Italian Meatballs in Marinara Sauce,"Italian cuisine,classic recipe,meat lovers,rich sauce,Italian flavors,culinary heritage,pasta lovers,Sunday meal,hearty meal,traditional flavors,meatballs,homemade,marinara sauce,spaghetti,beef and pork,comfort food,gourmet pasta,family dinner",12
a17314a3-3050-4179-9f7a-9e2c96c92b89.jpg,Christmas Cookies on a Festive Platter,"family traditions,treats for sharing,festive platter,Christmas cookies,delicious memories,iced treats,holiday baking,festive flavors,holiday spirit,cheerful flavors,sweet delights,culinary creations,baking joy,cookie exchange,seasonal sweets",12
60ed913f-1bc6-46a4-96fd-3a0b01246326.jpg,Cheesecake Brownies,"family favorite,layered dessert,decadent,brownies,comfort food,cheesecake brownies,indulgent,party food,rich flavors,easy recipe,homemade,fudgy,dessert,sweet treat,cheesecake,baking,dessert lovers",12
68ea3a1b-6022-41d4-8e50-94dc5823b4ab.jpg,Lavender Honey Ice Cream,"ice cream,refreshing,creamy,chilled desserts,unique flavor,dessert lovers,honey,elegant,culinary creativity,gourmet,artisan,homemade,floral,lavender,frozen treat,summer dessert,sweets",12
fe71fb82-78ab-4798-9f95-d6a1a633c552.jpg,Galactic Christmas Tree with Alien Ornaments,"intergalactic traditions,festive beauty,joyful atmosphere,celebration of diversity,unique decorations,space festivities,cosmic cheer,holiday magic,ethereal lights,universal spirit,colorful display,holiday wonder,extraterrestrial life,alien ornaments,galactic Christmas tree",12
6ce6c685-b1bc-4156-bd39-a3a2994fa9f4.jpg,Savory Vegetable Stir-Fry with Tofu,"stir-fry,jasmine rice,healthy eating,plant-based,comfort food,meal prep,vegetable dish,nutritious dish,colorful vegetables,homemade,soy sauce,vegan,quick meals,Asian flavors,tofu,wholesome meal,vegetarian cuisine,food photography",12
c61fa96c-cb12-4b50-a859-3414d37912fe.jpg,Dragon Spa Day at the Crystal Springs,"dragon spa,Crystal Springs,mineral pools,relaxing dragons,waterfall mist,fantasy relaxation,sparkling amethysts,harp music,dragon wellness,mythical creatures,enchanted setting,rejuvenation,ethereal beauty,fantasy retreat,magic crystals,spa day,dragon pampering,healing springs",12
0ce5ca3e-daa6-4a98-a9d8-775d5a826095.jpg,Pumpkin Spice Latte Cheesecake,"whipped cream,fall flavors,party food,homemade,seasonal,sweet treat,dessert,classic dessert,baking,comfort food,satisfying,graham cracker crust,pumpkin spice,indulgent,spice,easy recipe,pumpkin cheesecake,festive",12
6e7299e3-adf0-43e8-a70e-4e3b062964dc.jpg,Pegasus Sky Race Over Floating Isles,"Pegasus race,Floating Isles,sky competition,winged horses,cloud race,mythical event,rainbows,island cliffs,glowing lights,aerial sports,starlit skies,fantasy excitement,flying creatures,mythical creatures,spectators,legendary race,cheering crowds,fantasy sky",12
ec7fc0aa-8b38-4d9d-b9aa-9e83688b1b8b.jpg,Chocolate Hazelnut Tart,"culinary artistry,dessert lovers,elegant presentation,special occasion,gourmet,fancy dessert,ganache,sweet treat,homemade,rich flavors,chocolate tart,hazelnut,buttery crust,decadent,indulgent,dessert,baking",12
33020bdc-6298-45c2-bfde-129b0e0b51e5.jpg,Raspberry Almond Cake,"simple pleasures,elegant presentation,sweet treat,moist,afternoon tea,gourmet,easy recipe,raspberries,fruit dessert,satisfying,homemade,baking,refreshing,light glaze,dessert lovers,dessert,almond cake",12
d5663cd0-8181-4a58-8967-585abf964c41.jpg,Banoffee Pie,"layered,delicious,indulgent,caramel,sweet treat,no-bake,homemade,family favorite,banoffee pie,bananas,party food,comfort food,rich flavors,easy recipe,classic dessert,dessert,whipped cream",12
c7dae2ba-9c29-4c16-86cc-92ea7a06c528.jpg,Cozy Throw Pillows on a Sofa,"throw pillows,comfort,cozy decor,warmth,decorative cushions,living room style,textures and patterns,home accents,plush sofa",12
7e1f2adf-6beb-460c-a92d-e35290b92423.jpg,Grilled Sardines with Garlic and Lemon,"natural flavors,fresh fish,garlic seasoning,simple flavors,Mediterranean diet,coastal dish,rustic cooking,healthy meal,lemon garnish,easy cooking,summer grilling,traditional recipes,grilled vegetables,seafood lovers,wholesome food,light meal,Mediterranean cuisine,grilled sardines",12
ba026f1d-6276-4ce5-9107-33ea00f22893.jpg,Cozy Cabin in the Snow with Holiday Lights,"peaceful scene,nature's beauty,holiday lights,wreath,cozy cabin,festive atmosphere,winter wonderland,holiday escape,snowy landscape,warm ambiance,winter retreat,rustic charm,snow-covered,seasonal joy,cabin in the woods",12
2f1320e7-c8c0-45ce-a3df-6aad64ac4d9f.jpg,Korean BBQ Short Ribs (Galbi),"short ribs,soy marinade,outdoor grilling,garlic,bold flavors,authentic taste,meat lovers,Asian cuisine,sesame flavor,char-grilled,marinated ribs,grilled meat,sweet and savory,succulent meat,Galbi,cultural cuisine,Korean BBQ,Korean flavors",12
634a7245-3851-461a-8d4a-0bef262c98b5.jpg,Winter Landscape with a Frozen Pond,"holiday joy,ice skating,frozen pond,snowy trees,nature's wonders,peaceful vibes,outdoor fun,magical ambiance,sunlight,winter play,children skating,serene environment,festive spirit,winter landscape,seasonal beauty",12
8919b9ce-c08f-4d23-bf13-24bbf4c28751.jpg,Classic Beef Burger with All the Fixings,"quick bites,all the fixings,barbecue,juicy beef,grilled burger,American classic,tomato,lettuce,burger lovers,comfort food,toasted brioche,cheese,casual dining,hearty meal,beef burger,backyard BBQ,grilling season,classic recipe",12
73eb6e9e-6dc1-4608-8008-1bf5e7185ad1.jpg,Grapes and Berry Bounty,"antioxidants,fiber-rich,refreshing flavor,picnic food,sweet snack,grapes and berries,red grapes,natural sweetness,low calorie,colorful,berries,easy to eat,immune boosting,hydrating,fruit platter,charcuterie pairing,green grapes,vitamin C,bite-sized",12
631dbc14-c903-49a0-ac53-11bd88a22fb1.jpg,Chocolate Hazelnut Tart,"ganache,elegant presentation,dessert lovers,decadent,fancy dessert,homemade,chocolate tart,special occasion,gourmet,sweet treat,hazelnut,dessert,indulgent,buttery crust,culinary artistry,baking,rich flavors",12
0c043ee0-08fc-49d4-a62b-86c60c5793a8.jpg,Stylish Wall Art Collection,"decorative prints,framed photographs,curated collection,home decor,wall art,creative expression,abstract paintings,artistic focal point,interior design",12
50a76bdf-1552-44a3-a7ba-2e2bd5fc260b.jpg,Shrimp Scampi Linguine,"pasta dish,rich flavors,linguine,garlic butter,easy dinner,home-cooked,gourmet cooking,shrimp scampi,Mediterranean touch,fresh herbs,comfort food,lemon zest,culinary classics,flavor-packed,Italian flavors,shrimp lovers,seafood pasta,fine dining",12
e72a5f9e-d7f3-46d3-80e8-6d99a49aeac6.jpg,Zesty Shrimp Ceviche,"seafood appetizer,coastal flavors,chilled seafood,seafood lovers,fresh cilantro,culinary freshness,Latin cuisine,colorful dish,light and refreshing,gourmet touch,summertime snacks,food presentation,shrimp ceviche,avocado garnish,easy appetizers,party food,healthy dish,lime marinade",12
e9935761-770e-4963-bd0b-eeb9770152ae.jpg,Decadent Red Velvet Cupcakes with Cream Cheese Frosting,"sweets,sweet treats,classic flavors,moist,dessert,cake lovers,homemade,celebration,elegant presentation,frosting,cupcakes,party food,colorful,decorative,indulgent,red velvet,baking,cream cheese frosting",12
2a6147d3-dcbd-44b1-a847-23bce3a55f53.jpg,Elegant Dining Table Settings,"polished cutlery,special occasion,table decor,dinner party,dining table,sparkling glassware,fine china,inviting atmosphere,elegant settings",12
0f71e552-28c1-4e0e-8b32-d32e3e2122ae.jpg,Phoenix Bonfire Celebration,"phoenix,bonfire celebration,rebirth cycle,fiery feathers,mythical wisdom,storytelling,magical forest,phoenix gathering,mystical flames,fantasy creatures,celestial event,mythical gathering,forest magic,eternal cycle,firelight,legendary tales,creature gathering,fantasy night",12
899ac590-bff0-4242-972f-1809a441b88a.jpg,Charming Vintage Bookshelf,"living space,decorative elements,vintage bookshelf,eclectic decor,personal touch,home library,books and plants,shelf styling,character",12
40b3a458-a175-4d60-8395-707b37a17ac5.jpg,Fried Calamari,"crispy,easy to make,seafood,rich texture,finger food,seafood lovers,party food,tasty,lemon wedges,fried,casual dining,light meal,comfort food,appetizer,quick cooking,popular,calamari,marinara sauce",12
45e96f65-62e9-478f-af13-9de17bcd248e.jpg,Unicorn Picnic in Enchanted Meadow,"unicorns,enchanted meadow,magical picnic,stardust cupcakes,rainbow fruits,mythical gathering,glowing flowers,golden oak tree,mythical feast,fantasy setting,ethereal beauty,whimsical vibes,fairy lights,mystical creatures,fantasy adventure,mythical stories,unicorn friends,enchantment",12
b7c66f77-d8d5-41c4-985b-2f293997b181.jpg,Steak Frites with Garlic Butter,"steak frites,comfort food,simple flavors,hearty plate,casual dining,rich flavors,steak lovers,juicy steak,classic meal,culinary staple,European flavors,fine dining,traditional dish,French cuisine,meat lovers,garlic butter,crispy fries,bistro style",12
3086d97d-d4b1-4597-a167-46e537688edd.jpg,Fruit Tart with Pastry Cream,"easy recipe,elegant presentation,dessert lovers,culinary creativity,seasonal,dessert,sweet treat,tart,pastry cream,homemade,baking,indulgent,classic dessert,light dessert,fruit tart,fresh fruit,party food",12
2272f61c-30ee-4dc3-b073-c924f46fe236.jpg,Zesty Shrimp Ceviche,"shrimp ceviche,light and refreshing,seafood appetizer,colorful dish,food presentation,coastal flavors,gourmet touch,avocado garnish,chilled seafood,lime marinade,easy appetizers,healthy dish,party food,seafood lovers,Latin cuisine,culinary freshness,summertime snacks,fresh cilantro",12
f9012f5c-f095-401e-b0ac-681d13df7e61.jpg,Oysters on the Half Shell,"seafood lovers,fresh,tasting experience,seafood,impressive,shellfish,ice,salty,light snack,natural,variety of sauces,gourmet,briny,raw,oysters,high-end,half shell,luxurious,delicacy",12
92cc3cd0-b4c8-4a66-b8df-c5dca662d631.jpg,Winter Wonderland with Snowy Pine Trees,"snowfall,pine trees,Christmas spirit,tranquil scene,winter wonderland,clear blue sky,snowy landscape,outdoor holiday,sparkling snow,natural decor,frosty air,serene atmosphere,peaceful vibes,holiday magic,nature's beauty",12
5c791f16-accc-466a-9e98-d029cdfdab99.jpg,Sushi Platter with Assorted Nigiri and Sashimi,"wasabi,sushi lovers,food styling,authentic experience,sashimi,salmon,Japanese cuisine,soy sauce,culinary art,raw fish,shrimp,delicate flavors,tuna,elegant presentation,nigiri,sushi platter,yellowtail,fine dining,sushi night,fresh seafood",12
14ee9ab1-1209-45a6-961c-9feae2939417.jpg,Grilled Sardines with Garlic and Lemon,"simple flavors,lemon garnish,easy cooking,Mediterranean diet,grilled vegetables,seafood lovers,summer grilling,rustic cooking,grilled sardines,coastal dish,garlic seasoning,fresh fish,natural flavors,light meal,traditional recipes,wholesome food,Mediterranean cuisine,healthy meal",12
2e9f5ed6-23f7-458e-8f4f-99ca2175bfef.jpg,Classic Buffalo Wings,"popular appetizer,fried wings,comfort food,tangy flavor,spicy,handheld food,fiery taste,chicken wings,classic recipe,buffalo wings,bar food,American cuisine,meat lovers,celery sticks,game day food,blue cheese dip,bold flavors,crispy",12
06be8994-86dc-4ab8-93be-63953e906917.jpg,Coconut Macaroons Dipped in Dark Chocolate,"chewy texture,sweet treat,dark chocolate,cookie lovers,treat yourself,indulgent,dessert platter,coconut,satisfying,dessert,snack,party food,elegant presentation,tropical flavors,homemade,baking,simple recipe,macaroons",12
be81b767-cebd-4a7b-ad06-4ee72d326611.jpg,Colorful Mediterranean Mezze Platter,"catering,hummus,Mediterranean cuisine,stuffed grape leaves,colorful dishes,healthy snacks,fresh tabbouleh,tzatziki,mezze platter,cuisine diversity,pita bread,vibrant colors,culinary art,marinated olives,appetizer spread,party food,food presentation,fresh herbs",12
2c5ad35b-16aa-43a4-86e1-8fec5a1963a1.jpg,Creamy Clam Chowder,"cozy dish,winter warmer,herb garnish,clam chowder,creamy broth,oyster crackers,food culture,classic recipe,hearty meals,seafood lovers,culinary tradition,seafood soup,potatoes,comfort food,home cooking,New England cuisine,savory flavors,cooking classics",12
ea3e2551-cb46-441e-8b5a-46de42bd0fa0.jpg,Stone Fruit Sampler,"summer fruits,baking,plums,healthy snack,cherries,high fiber,antioxidants,vitamin C,stone fruits,hydrating,juicy flavor,peaches,fruit platter,unique textures,nectarines,colorful assortment,natural sweetness,low calorie,immune boosting",12
456d3f27-e76b-44c8-a6ea-34fe7686435e.jpg,Grilled Sardines with Garlic and Lemon,"healthy meal,simple flavors,lemon garnish,traditional recipes,garlic seasoning,summer grilling,grilled sardines,coastal dish,light meal,Mediterranean diet,grilled vegetables,fresh fish,natural flavors,easy cooking,rustic cooking,Mediterranean cuisine,seafood lovers,wholesome food",12
3d1e426d-0fd3-4a6a-bb02-bd937f206634.jpg,Spicy Buffalo Chicken Wings,"chicken lovers,zesty kick,Buffalo wings,satisfying snack,game day food,spicy flavors,finger food,spicy chicken,fried food,casual dining,snack food,bold flavors,hot sauce,party food,comfort bites,blue cheese dip,crispy wings,American cuisine",12
e189a516-e75e-4984-bdac-f96245b8fdde.jpg,Lemon Meringue Pie,"comfort food,tart,lemon meringue pie,classic recipe,celebration,homemade,buttery crust,indulgent,citrus flavors,refreshing,easy recipe,sweet,dessert,elegant presentation,baking,dessert lovers,fluffy meringue",12
84016f5e-e209-42a1-bf16-40c4e2ad391e.jpg,Vintage Candle Holders,"warm ambiance,elegant design,decorative lighting,table decor,brass,candle holders,home accents,vintage decor,nostalgic charm",12
879311d6-c9af-4b2e-8c3c-df2e938db0f8.jpg,Decadent Brownies with Nuts and Caramel Swirl,"baking,classic dessert,nuts,decadent,dessert,indulgent,chocolate lovers,satisfying,homemade,chocolate,brownies,fudgy,sweet treat,comfort food,easy recipe,caramel swirl,party food,rich flavors",12
247ec5ad-747c-418b-b4c6-64233d24528e.jpg,Satisfying Vegan Buddha Bowl,"kale,Buddha bowl,roasted sweet potatoes,chickpeas,plant-based diet,superfoods,flavorful bowl,vegan cuisine,culinary creativity,satisfying meals,tahini dressing,healthy fats,meal prep,wholesome ingredients,nutritious meal,avocado,quinoa,colorful dish,healthy lifestyle",12
289951b5-100f-4684-9272-82232104627b.jpg,Korean BBQ Short Ribs (Galbi),"bold flavors,succulent meat,cultural cuisine,char-grilled,outdoor grilling,garlic,sesame flavor,soy marinade,Korean flavors,Galbi,meat lovers,short ribs,marinated ribs,Asian cuisine,authentic taste,Korean BBQ,sweet and savory,grilled meat",12
6189d988-f836-4935-980f-995f692283e8.jpg,Sushi Platter with Assorted Nigiri and Sashimi,"salmon,nigiri,soy sauce,fresh seafood,delicate flavors,fine dining,culinary art,wasabi,sashimi,sushi night,authentic experience,Japanese cuisine,sushi lovers,sushi platter,raw fish,food styling,yellowtail,elegant presentation,shrimp,tuna",12
bf0f7039-54d1-44c1-8340-eee23ada5d5e.jpg,Charming Vintage Bookshelf,"eclectic decor,shelf styling,personal touch,decorative elements,living space,books and plants,character,vintage bookshelf,home library",12
78a5f1cb-0dba-4f25-95a9-9c3e41e574a3.jpg,Seafood Paella,"traditional,celebratory meal,rich flavors,seafood,colorful,easy sharing,delicious,Spanish cuisine,vibrant,mixed seafood,hearty,flavorful,aromatic,festive,rice dish,hearty,one-pot meal,paella,saffron",12
3dbf6b60-d0e0-4035-85de-acc3b562e257.jpg,Slow-Cooked Pulled Pork Sandwich,"comfort food,Southern cuisine,rustic flavors,soft bun,hearty sandwich,backyard BBQ,crowd-pleaser,tender pork,classic recipe,meat lovers,BBQ sauce,homemade,smoky flavors,pulled pork,soul food,coleslaw,slow-cooked,casual dining",12
37edf093-250e-458d-bcb2-ed8f3370e68e.jpg,Cinnamon Roll Bread Pudding,"warm dessert,satisfying,baking,sweet treat,delicious,breakfast dessert,cinnamon,dessert,indulgent,comfort food,easy recipe,leftover recipe,cinnamon rolls,bread pudding,cozy,homemade,glazed,family favorite",12
b8b0a8c7-d8cc-466f-940b-1597058d8c5a.jpg,Elegant Christmas Dining Table Setting,"holiday feast,luxurious dining,inviting atmosphere,Christmas dining,elegant table setting,candles,fine dining,holiday gatherings,sophisticated ambiance,celebratory meals,seasonal centerpieces,holly,festive decor,sparkling glassware,table decor",12
887ce052-dde5-4ae9-ac43-3b9a672164c3.jpg,Stuffed Squid,"unique dish,easy recipe,seafood lovers,satisfying,homemade,dinner,hearty,rich flavor,traditional,herbs,tender,breadcrumbs,stuffed squid,seafood,baked,gourmet,comfort food,elegant",12
d1ec9340-9a45-464f-9a58-257d7114b656.jpg,Sublime Lemon Tart with Zesty Meringue,"baking,fancy treat,homemade,elegant presentation,buttery crust,refreshing,meringue,lemon tart,dessert,culinary delight,citrus,satisfying,sweet and sour,party food,celebration,tart lovers,tangy flavor,classic dessert",12
a008ee18-0366-4f7b-bdc1-eb24f853b34f.jpg,Artisan Cheese Board with Fruits and Nuts,"culinary experience,gourmet snacks,elegant presentation,charcuterie,party platter,cheese board,platter ideas,entertaining,sharing food,visual feast,wine pairing,honey drizzle,food pairings,snack ideas,appetizer,fruits and nuts,gourmet dining,artisan cheese",12
0c49ed22-89e9-43d4-b18c-b1d73182affc.jpg,Fried Calamari,"popular,lemon wedges,light meal,seafood lovers,easy to make,calamari,marinara sauce,party food,seafood,quick cooking,tasty,appetizer,crispy,casual dining,fried,comfort food,finger food,rich texture",12
c9fa954e-0661-44a3-97a4-51695c72ba9a.jpg,Spaghetti alle Vongole,"Mediterranean flavors,Italian flavors,coastal vibes,gourmet pasta,spaghetti alle vongole,dinner ideas,fresh parsley,culinary tradition,clams,food artistry,simple elegance,classic dish,seafood pasta,white wine sauce,savor the flavor,garlic flavor,Italian cuisine,light cuisine",12
7d50f12f-aa8d-4a37-bd19-30f77ada9051.jpg,Colorful Mediterranean Mezze Platter,"vibrant colors,catering,food presentation,appetizer spread,fresh herbs,mezze platter,hummus,tzatziki,cuisine diversity,fresh tabbouleh,marinated olives,party food,Mediterranean cuisine,culinary art,healthy snacks,colorful dishes,stuffed grape leaves,pita bread",12
802768f4-870d-4fc1-ac20-3539ffb3a16f.jpg,Seared Scallops,"gourmet,rich protein,restaurant-style,luxurious,quick cooking,fine dining,citrus sauce,tender,fresh seafood,easy recipe,impressive dish,seared,seafood,elegant,sweet flavor,high-end,scallops,celebratory meal",12
ab1de6f6-0564-468a-a419-f0726144851c.jpg,Exotic Fruit Salad with Coconut and Mint,"strawberries,nutritional value,fresh mint,mango,coconut flakes,seasonal fruits,light dessert,refreshing dessert,picnic ideas,healthy snacks,pineapple,cuisine diversity,summer food,kiwi,fruit salad,tropical fruits,food aesthetics,colorful presentation",12
ddc28910-9daa-4a71-b13f-f1b014d8b8ca.jpg,Rustic Wooden Shelves with Decor Items,"decorative shelving,unique collectibles,character,functional style,rustic decor,wooden shelves,wall decor,books and plants,home accents",12
42b2228a-733b-4729-b656-db2830ec5aee.jpg,Octopus Stew,"potatoes,filling,tomatoes,simmered,winter meal,satisfying,spices,unique dish,seafood,traditional,homemade,hearty,gourmet,rich flavor,comfort food,octopus,stew,easy recipe",12
5036f24b-987b-4c3e-ab35-35a1eeaffdb7.jpg,Buffalo Ranch Wings,"buffalo ranch wings,bold flavors,spicy,unique twist,crispy,appetizer,handheld food,chicken wings,fusion flavor,American cuisine,game day snack,creamy and tangy,comfort food,classic flavors,meat lovers,bar food,popular choice,ranch seasoning",12
394be0c8-3aaa-4a71-a219-a3d0508f4166.jpg,Raspberry Almond Cake,"fruit dessert,dessert,simple pleasures,homemade,elegant presentation,refreshing,raspberries,baking,moist,dessert lovers,satisfying,easy recipe,almond cake,afternoon tea,gourmet,sweet treat,light glaze",12
d8839e80-2d6a-4df5-b398-66958f859dee.jpg,Mango Sticky Rice,"homemade,cultural cuisine,simple recipe,sticky rice,sweet,Thai dessert,dessert lovers,coconut cream,refreshing,tropical flavors,delicious,exotic,traditional,mango sticky rice,fruity,comfort food,unique flavors",12
